[
  {
    "name": "Nicolas",
    "lastname": "Gonzalez",
    "email": "1@gmail.com",
    "accounts": [
      {
        "number": "12345677",
        "type": "Cuenta de Ahorros",
        "balance": 51000,
        "currency": "USD",
        "delinquent": false,
        "amount": null
      }
    ],
    "balance": null
  },
  {
    "name": "Daniela",
    "lastname": "Perez",
    "email": "2@gmail.com",
    "accounts": [
      {
        "number": "12345678",
        "type": "Cuenta de Ahorros",
        "balance": 14000,
        "currency": "USD",
        "delinquent": false,
        "amount": null
      },
      {
        "number": "000111222",
        "type": "Crédito de consumo",
        "balance": -15000,
        "currency": "USD",
        "delinquent": true,
        "amount": 15000
      }
    ]
  },
  {
    "name": "Jorge",
    "lastname": "Malo",
    "email": "3@gmail.com",
    "accounts": [
      {
        "number": "12345679",
        "type": "Cuenta de Ahorros",
        "balance": 27000,
        "currency": "USD",
        "delinquent": false,
        "amount": null
      },
      {
        "number": "000111222",
        "type": "Crédito rotativo",
        "balance": 10000,
        "currency": "USD",
        "delinquent": false,
        "amount": 15000
      }
    ]
  }
]
